{"cameraMode":{"drawMode":0,"name":"Shaded","section":"Shading Mode"},"sceneLighting":true,"audioPlay":false,"sceneViewState":{"m_AlwaysRefresh":false,"showFog":true,"showSkybox":true,"showFlares":true,"showImageEffects":true,"showParticleSystems":true,"showVisualEffectGraphs":true,"m_FxEnabled":true},"in2DMode":false,"pivot":{"x":-17.784648895263673,"y":-18.148862838745118,"z":-15.545788764953614},"rotation":{"x":-0.15357588231563569,"y":0.7609789967536926,"z":-0.19496631622314454,"w":-0.5994267463684082},"size":25.571443557739259,"orthographic":false}